UUT_Serial_Number, Station_ID, StartTime, EndTime, OverallResult, OverallErrorCode, elapsed_seconds, TEST ITEM 1, TEST ITEM 2, TEST ITEM 3
1TJ30000000000, project_station-01, 20200419-160057, 20200419-160101, PASS, 0, 4.334122, 1.1, 1.4, 1.8
1TJ30000000000, project_station-01, 20200419-190349, 20200419-190353, PASS, 0, 4.333286, 1.1, 1.4, 1.8
1TJ300000000, project_station-01, 20200419-194430, 20200419-194434, FAIL, 13, 3.942592, 1.1, 1.4, False
1TJ30000000000, project_station-01, 20200419-194902, 20200419-194906, PASS, 0, 3.948829, 1.1, 1.4, True
1TJ3000000, project_station-01, 20200419-195541, 20200419-195545, PASS, 0, 3.95339, 1.1, 1.4, True
1TJ30000000000, project_station-01, 20200419-195721, 20200419-195725, PASS, 0, 3.939033, 1.1, 1.4, True
