UUT_Serial_Number, Station_ID, StartTime, EndTime, OverallResult, OverallErrorCode, elapsed_seconds, TEST ITEM 1, TEST ITEM 2, TEST ITEM 3
1TJ30000000000, seacliff_mot-1, 20200418-231345, 20200418-231350, PASS, 0, 4.333956, 1.1, 1.4, 1.8
1TJ3-------, seacliff_mot-1, 20200418-234613, 20200418-234618, PASS, 0, 4.327569, 1.1, 1.4, 1.8
1TJ30000000000, seacliff_mot-1, 20200418-234855, 20200418-234859, PASS, 0, 4.327543, 1.1, 1.4, 1.8
